"FTP Species" "Portal Species" "Species Label" "Class" "Class Label"
"1" "Acanthochromis_polyacanthus" "Acanthochromis_polyacanthus" "Spiny chromis" "Actinopterygii" "Fish"
"2" "Accipiter_nisus" "Accipiter_nisus" "Eurasian sparrowhawk" "Aves" "Birds"
"3" "Ailuropoda_melanoleuca" "Ailuropoda_melanoleuca" "Giant panda" "Laurasiatheria" "Laurasiatheria"
"4" "Amazona_collaria" "Amazona_collaria" "Yellow-billed parrot" "Aves" "Birds"
"5" "Amphilophus_citrinellus" "Amphilophus_citrinellus" "Midas cichlid" "Actinopterygii" "Fish"
"6" "Amphiprion_ocellaris" "Amphiprion_ocellaris" "Clown anemonefish" "Actinopterygii" "Fish"
"7" "Amphiprion_percula" "Amphiprion_percula" "Orange clownfish" "Actinopterygii" "Fish"
"8" "Anabas_testudineus" "Anabas_testudineus" "Climbing perch" "Actinopterygii" "Fish"
"9" "Anas_platyrhynchos" "Anas_platyrhynchos" "Mallard" "Aves" "Birds"
"10" "Anas_platyrhynchos_platyrhynchos" "Anas_platyrhynchos_platyrhynchos" "Duck" "Aves" "Birds"
"11" "Anas_zonorhyncha" "Anas_zonorhyncha" "Eastern spot-billed duck" "Aves" "Birds"
"12" "Anolis_carolinensis" "Anolis_carolinensis" "Green anole" "Sauropsida" "Reptiles"
"13" "Anser_brachyrhynchus" "Anser_brachyrhynchus" "Pink-footed goose" "Aves" "Birds"
"14" "Anser_cygnoides" "Anser_cygnoides" "Swan goose" "Aves" "Birds"
"15" "Aotus_nancymaae" "Aotus_nancymaae" "Ma's night monkey" "Primates" "Primates"
"16" "Apteryx_haastii" "Apteryx_haastii" "Great spotted kiwi" "Aves" "Birds"
"17" "Apteryx_owenii" "Apteryx_owenii" "Little spotted kiwi" "Aves" "Birds"
"18" "Apteryx_rowi" "Apteryx_rowi" "Okarito brown kiwi" "Aves" "Birds"
"19" "Aquila_chrysaetos_chrysaetos" "Aquila_chrysaetos_chrysaetos" "Golden eagle" "Aves" "Birds"
"20" "Astatotilapia_calliptera" "Astatotilapia_calliptera" "Eastern happy" "Actinopterygii" "Fish"
"21" "Astyanax_mexicanus" "Astyanax_mexicanus" "Mexican tetra" "Actinopterygii" "Fish"
"22" "Astyanax_mexicanus_pachon" "Astyanax_mexicanus_pachon" "Pachon cavefish" "Actinopterygii" "Fish"
"23" "Athene_cunicularia" "Athene_cunicularia" "Burrowing owl" "Aves" "Birds"
"24" "Balaenoptera_musculus" "Balaenoptera_musculus" "Blue whale" "Laurasiatheria" "Laurasiatheria"
"25" "Betta_splendens" "Betta_splendens" "Siamese fighting fish" "Actinopterygii" "Fish"
"26" "Bison_bison_bison" "Bison_bison_bison" "American bison" "Laurasiatheria" "Laurasiatheria"
"27" "Bos_grunniens" "Bos_grunniens" "Domestic yak" "Laurasiatheria" "Laurasiatheria"
"28" "Bos_indicus_hybrid" "Bos_indicus_hybrid" "Hybrid - Bos Indicus" "Laurasiatheria" "Laurasiatheria"
"29" "Bos_mutus" "Bos_mutus" "Wild yak" "Laurasiatheria" "Laurasiatheria"
"30" "Bos_taurus" "Bos_taurus" "Cow" "Laurasiatheria" "Laurasiatheria"
"31" "Bos_taurus_hybrid" "Bos_taurus_hybrid" "Hybrid - Bos Taurus" "Laurasiatheria" "Laurasiatheria"
"32" "Bubo_bubo" "Bubo_bubo" "Eurasian eagle-owl" "Aves" "Birds"
"33" "Buteo_japonicus" "Buteo_japonicus" "Eastern buzzard" "Aves" "Birds"
"34" "Caenorhabditis_elegans" "Caenorhabditis_elegans" "Caenorhabditis elegans" "Eukaryota" "Other eukaryotes"
"35" "Cairina_moschata_domestica" "Cairina_moschata_domestica" "Muscovy Duck (domestic type)
" "Aves" "Birds"
"36" "Calidris_pugnax" "Calidris_pugnax" "Ruff" "Aves" "Birds"
"37" "Calidris_pygmaea" "Calidris_pygmaea" "Spoon-billed sandpiper" "Aves" "Birds"
"38" "Callithrix_jacchus" "Callithrix_jacchus" "Marmoset" "Primates" "Primates"
"39" "Callorhinchus_milii" "Callorhinchus_milii" "Elephant shark" "Vertebrata" "Other vertebrates"
"40" "Camarhynchus_parvulus" "Camarhynchus_parvulus" "Small tree finch" "Aves" "Birds"
"41" "Camelus_dromedarius" "Camelus_dromedarius" "Arabian camel" "Laurasiatheria" "Laurasiatheria"
"42" "Canis_lupus_dingo" "Canis_lupus_dingo" "Dingo" "Laurasiatheria" "Laurasiatheria"
"43" "Canis_lupus_familiaris" "Canis_lupus_familiaris" "Dog" "Laurasiatheria" "Laurasiatheria"
"44" "Canis_lupus_familiarisbasenji" "Canis_lupus_familiaris" "Dog breeds" "Laurasiatheria" "Laurasiatheria"
"45" "Canis_lupus_familiarisgreatdane" NA NA "Laurasiatheria" "Laurasiatheria"
"46" "Capra_hircus" "Capra_hircus" "Goat" "Laurasiatheria" "Laurasiatheria"
"47" "Capra_hircus_blackbengal" "Capra_hircus" "Goat breeds" "Laurasiatheria" "Laurasiatheria"
"48" "Carassius_auratus" "Carassius_auratus" "Goldfish" "Actinopterygii" "Fish"
"49" "Carlito_syrichta" "Carlito_syrichta" "Tarsier" "Primates" "Primates"
"50" "Castor_canadensis" "Castor_canadensis" "American beaver" "Euarchontoglires" "Rodents etc."
"51" "Catagonus_wagneri" "Catagonus_wagneri" "Chacoan peccary" "Laurasiatheria" "Laurasiatheria"
"52" "Catharus_ustulatus" "Catharus_ustulatus" "Swainson's thrush" "Aves" "Birds"
"53" "Cavia_aperea" "Cavia_aperea" "Brazilian guinea pig" "Euarchontoglires" "Rodents etc."
"54" "Cavia_porcellus" "Cavia_porcellus" "Guinea Pig" "Euarchontoglires" "Rodents etc."
"55" "Cebus_capucinus" "Cebus_capucinus" "Capuchin" "Primates" "Primates"
"56" "Cercocebus_atys" "Cercocebus_atys" "Sooty mangabey" "Primates" "Primates"
"57" "Cervus_hanglu_yarkandensis" "Cervus_hanglu_yarkandensis" "Yarkand deer" "Laurasiatheria" "Laurasiatheria"
"58" "Chelonoidis_abingdonii" "Chelonoidis_abingdonii" "Abingdon island giant tortoise
" "Sauropsida" "Reptiles"
"59" "Chelydra_serpentina" "Chelydra_serpentina" "Common snapping turtle" "Sauropsida" "Reptiles"
"60" "Chinchilla_lanigera" "Chinchilla_lanigera" "Long-tailed chinchilla" "Euarchontoglires" "Rodents etc."
"61" "Chlorocebus_sabaeus" "Chlorocebus_sabaeus" "Vervet-AGM" "Primates" "Primates"
"62" "Choloepus_hoffmanni" "Choloepus_hoffmanni" "Sloth" "Xenarthra" "Xenarthra"
"63" "Chrysemys_picta_bellii" "Chrysemys_picta_bellii" "Painted turtle" "Sauropsida" "Reptiles"
"64" "Chrysolophus_pictus" "Chrysolophus_pictus" "Golden pheasant" "Aves" "Birds"
"65" "Ciona_intestinalis" "Ciona_intestinalis" "C.intestinalis" "Chordata" "Other chordates"
"66" "Ciona_savignyi" "Ciona_savignyi" "C.savignyi" "Chordata" "Other chordates"
"67" "Clupea_harengus" "Clupea_harengus" "Atlantic herring" "Actinopterygii" "Fish"
"68" "Colobus_angolensis_palliatus" "Colobus_angolensis_palliatus" "Angola colobus" "Primates" "Primates"
"69" "Corvus_moneduloides" "Corvus_moneduloides" "New Caledonian crow" "Aves" "Birds"
"70" "Cottoperca_gobio" "Cottoperca_gobio" "Channel bull blenny" "Actinopterygii" "Fish"
"71" "Coturnix_japonica" "Coturnix_japonica" "Japanese quail" "Aves" "Birds"
"72" "Cricetulus_griseus_chok1gshd" "Cricetulus_griseus_chok1gshd" "Chinese hamster CHOK1GS
" "Euarchontoglires" "Rodents etc."
"73" "Cricetulus_griseus_crigri" "Cricetulus_griseus_crigri" "Chinese hamster CriGri" "Euarchontoglires" "Rodents etc."
"74" "Cricetulus_griseus_picr" "Cricetulus_griseus_picr" "Chinese hamster PICR" "Euarchontoglires" "Rodents etc."
"75" "Crocodylus_porosus" "Crocodylus_porosus" "Australian saltwater crocodile" "Sauropsida" "Reptiles"
"76" "Cyanistes_caeruleus" "Cyanistes_caeruleus" "Blue tit" "Aves" "Birds"
"77" "Cyclopterus_lumpus" "Cyclopterus_lumpus" "Lumpfish" "Actinopterygii" "Fish"
"78" "Cynoglossus_semilaevis" "Cynoglossus_semilaevis" "Tongue sole" "Actinopterygii" "Fish"
"79" "Cyprinodon_variegatus" "Cyprinodon_variegatus" "Sheepshead minnow" "Actinopterygii" "Fish"
"80" "Cyprinus_carpio" "Cyprinus_carpio" "Common carp" "Actinopterygii" "Fish"
"81" "Cyprinus_carpio_german_mirror" "Cyprinus_carpio_german_mirror" "Common carp german mirror
" "Actinopterygii" "Fish"
"82" "Cyprinus_carpio_hebao_red" "Cyprinus_carpio_hebao_red" "Common carp hebao red" "Actinopterygii" "Fish"
"83" "Cyprinus_carpio_huanghe" "Cyprinus_carpio_huanghe" "Common carp huanghe" "Actinopterygii" "Fish"
"84" "Danio_rerio" "Danio_rerio" "Zebrafish" "Actinopterygii" "Fish"
"85" "Dasypus_novemcinctus" "Dasypus_novemcinctus" "Armadillo" "Xenarthra" "Xenarthra"
"86" "Delphinapterus_leucas" "Delphinapterus_leucas" "Beluga whale" "Laurasiatheria" "Laurasiatheria"
"87" "Denticeps_clupeoides" "Denticeps_clupeoides" "Denticle herring" "Actinopterygii" "Fish"
"88" "Dicentrarchus_labrax" "Dicentrarchus_labrax" "European seabass" "Actinopterygii" "Fish"
"89" "Dipodomys_ordii" "Dipodomys_ordii" "Kangaroo rat" "Euarchontoglires" "Rodents etc."
"90" "Dromaius_novaehollandiae" "Dromaius_novaehollandiae" "Emu" "Aves" "Birds"
"91" "Drosophila_melanogaster" "Drosophila_melanogaster" "Drosophila melanogaster" "Eukaryota" "Other eukaryotes"
"92" "Echeneis_naucrates" "Echeneis_naucrates" "Live sharksucker" "Actinopterygii" "Fish"
"93" "Echinops_telfairi" "Echinops_telfairi" "Lesser hedgehog tenrec" "Afrotheria" "Afrotheria"
"94" "Electrophorus_electricus" "Electrophorus_electricus" "Electric eel" "Actinopterygii" "Fish"
"95" "Eptatretus_burgeri" "Eptatretus_burgeri" "Hagfish" "Vertebrata" "Other vertebrates"
"96" "Equus_asinus_asinus" "Equus_asinus_asinus" "Donkey" "Laurasiatheria" "Laurasiatheria"
"97" "Equus_caballus" "Equus_caballus" "Horse" "Laurasiatheria" "Laurasiatheria"
"98" "Erinaceus_europaeus" "Erinaceus_europaeus" "Hedgehog" "Laurasiatheria" "Laurasiatheria"
"99" "Erpetoichthys_calabaricus" "Erpetoichthys_calabaricus" "Reedfish" "Actinopterygii" "Fish"
"100" "Erythrura_gouldiae" "Erythrura_gouldiae" "Gouldian finch" "Aves" "Birds"
"101" "Esox_lucius" "Esox_lucius" "Northern pike" "Actinopterygii" "Fish"
"102" "Falco_tinnunculus" "Falco_tinnunculus" "Common kestrel" "Aves" "Birds"
"103" "Felis_catus" "Felis_catus" "Cat" "Laurasiatheria" "Laurasiatheria"
"104" "Ficedula_albicollis" "Ficedula_albicollis" "Collared flycatcher" "Aves" "Birds"
"105" "Fukomys_damarensis" "Fukomys_damarensis" "Damara mole rat" "Euarchontoglires" "Rodents etc."
"106" "Fundulus_heteroclitus" "Fundulus_heteroclitus" "Mummichog" "Actinopterygii" "Fish"
"107" "Gadus_morhua" "Gadus_morhua" "Atlantic cod" "Actinopterygii" "Fish"
"108" "Gallus_gallus" "Gallus_gallus" "Chicken" "Aves" "Birds"
"109" "Gambusia_affinis" "Gambusia_affinis" "Western mosquitofish" "Actinopterygii" "Fish"
"110" "Gasterosteus_aculeatus" "Gasterosteus_aculeatus" "Stickleback" "Actinopterygii" "Fish"
"111" "Geospiza_fortis" "Geospiza_fortis" "Medium ground-finch" "Aves" "Birds"
"112" "Gopherus_agassizii" "Gopherus_agassizii" "Agassiz's desert tortoise" "Sauropsida" "Reptiles"
"113" "Gopherus_evgoodei" "Gopherus_evgoodei" "Goodes thornscrub tortoise" "Sauropsida" "Reptiles"
"114" "Gorilla_gorilla" "Gorilla_gorilla" "Gorilla" "Primates" "Primates"
"115" "Gouania_willdenowi" "Gouania_willdenowi" "Blunt-snouted clingfish" "Actinopterygii" "Fish"
"116" "Haplochromis_burtoni" "Haplochromis_burtoni" "Burton's mouthbrooder" "Actinopterygii" "Fish"
"117" "Heterocephalus_glaber_female" "Heterocephalus_glaber_female" "Naked mole-rat female" "Euarchontoglires" "Rodents etc."
"118" "Heterocephalus_glaber_male" "Heterocephalus_glaber_male" "Naked mole-rat male" "Euarchontoglires" "Rodents etc."
"119" "Hippocampus_comes" "Hippocampus_comes" "Tiger tail seahorse" "Actinopterygii" "Fish"
"120" "Homo_sapiens" "Homo_sapiens" "Human" "Primates" "Primates"
"121" "Hucho_hucho" "Hucho_hucho" "Huchen" "Actinopterygii" "Fish"
"122" "Ictalurus_punctatus" "Ictalurus_punctatus" "Channel catfish" "Actinopterygii" "Fish"
"123" "Ictidomys_tridecemlineatus" "Ictidomys_tridecemlineatus" "Squirrel" "Euarchontoglires" "Rodents etc."
"124" "Jaculus_jaculus" "Jaculus_jaculus" "Lesser Egyptian jerboa" "Euarchontoglires" "Rodents etc."
"125" "Junco_hyemalis" "Junco_hyemalis" "Dark-eyed junco" "Aves" "Birds"
"126" "Kryptolebias_marmoratus" "Kryptolebias_marmoratus" "Mangrove rivulus" "Actinopterygii" "Fish"
"127" "Labrus_bergylta" "Labrus_bergylta" "Ballan wrasse" "Actinopterygii" "Fish"
"128" "Larimichthys_crocea" "Larimichthys_crocea" "Large yellow croaker" "Actinopterygii" "Fish"
"129" "Lates_calcarifer" "Lates_calcarifer" "Barramundi perch" "Actinopterygii" "Fish"
"130" "Laticauda_laticaudata" "Laticauda_laticaudata" "Blue-ringed sea krait" "Sauropsida" "Reptiles"
"131" "Latimeria_chalumnae" "Latimeria_chalumnae" "Coelacanth" "Vertebrata" "Other vertebrates"
"132" "Lepidothrix_coronata" "Lepidothrix_coronata" "Blue-crowned manakin" "Aves" "Birds"
"133" "Lepisosteus_oculatus" "Lepisosteus_oculatus" "Spotted gar" "Actinopterygii" "Fish"
"134" "Leptobrachium_leishanense" "Leptobrachium_leishanense" "Leishan spiny toad" "Amphibia" "Amphibians"
"135" "Lonchura_striata_domestica" "Lonchura_striata_domestica" "Bengalese finch" "Aves" "Birds"
"136" "Loxodonta_africana" "Loxodonta_africana" "Elephant" "Afrotheria" "Afrotheria"
"137" "Lynx_canadensis" "Lynx_canadensis" "Canada lynx" "Laurasiatheria" "Laurasiatheria"
"138" "Macaca_fascicularis" "Macaca_fascicularis" "Crab-eating macaque" "Primates" "Primates"
"139" "Macaca_mulatta" "Macaca_mulatta" "Macaque" "Primates" "Primates"
"140" "Macaca_nemestrina" "Macaca_nemestrina" "Pig-tailed macaque" "Primates" "Primates"
"141" "Malurus_cyaneus_samueli" "Malurus_cyaneus_samueli" "Superb fairywren" "Aves" "Birds"
"142" "Manacus_vitellinus" "Manacus_vitellinus" "Golden-collared manakin" "Aves" "Birds"
"143" "Mandrillus_leucophaeus" "Mandrillus_leucophaeus" "Drill" "Primates" "Primates"
"144" "Marmota_marmota_marmota" "Marmota_marmota_marmota" "Alpine marmot" "Euarchontoglires" "Rodents etc."
"145" "Mastacembelus_armatus" "Mastacembelus_armatus" "Zig-zag eel" "Actinopterygii" "Fish"
"146" "Maylandia_zebra" "Maylandia_zebra" "Zebra mbuna" "Actinopterygii" "Fish"
"147" "Meleagris_gallopavo" "Meleagris_gallopavo" "Turkey" "Aves" "Birds"
"148" "Melopsittacus_undulatus" "Melopsittacus_undulatus" "Budgerigar" "Aves" "Birds"
"149" "Meriones_unguiculatus" "Meriones_unguiculatus" "Mongolian gerbil" "Euarchontoglires" "Rodents etc."
"150" "Mesocricetus_auratus" "Mesocricetus_auratus" "Golden Hamster" "Euarchontoglires" "Rodents etc."
"151" "Microcebus_murinus" "Microcebus_murinus" "Mouse Lemur" "Primates" "Primates"
"152" "Microtus_ochrogaster" "Microtus_ochrogaster" "Prairie vole" "Euarchontoglires" "Rodents etc."
"153" "Mola_mola" "Mola_mola" "Ocean sunfish" "Actinopterygii" "Fish"
"154" "Monodelphis_domestica" "Monodelphis_domestica" "Opossum" "Mammalia" "Other mammals"
"155" "Monodon_monoceros" "Monodon_monoceros" "Narwhal" "Laurasiatheria" "Laurasiatheria"
"156" "Monopterus_albus" "Monopterus_albus" "Swamp eel" "Actinopterygii" "Fish"
"157" "Moschus_moschiferus" "Moschus_moschiferus" "Siberian musk deer" "Laurasiatheria" "Laurasiatheria"
"158" "Mus_caroli" "Mus_caroli" "Ryukyu mouse" "Euarchontoglires" "Rodents etc."
"159" "Mus_musculus" "Mus_musculus" "Mouse" "Euarchontoglires" "Rodents etc."
"160" "Mus_musculus_129s1svimj" "Mus_musculus" "Mouse strains" "Euarchontoglires" "Rodents etc."
"161" "Mus_musculus_aj" NA NA "Euarchontoglires" "Rodents etc."
"162" "Mus_musculus_akrj" NA NA "Euarchontoglires" "Rodents etc."
"163" "Mus_musculus_balbcj" NA NA "Euarchontoglires" "Rodents etc."
"164" "Mus_musculus_c3hhej" NA NA "Euarchontoglires" "Rodents etc."
"165" "Mus_musculus_c57bl6nj" NA NA "Euarchontoglires" "Rodents etc."
"166" "Mus_musculus_casteij" NA NA "Euarchontoglires" "Rodents etc."
"167" "Mus_musculus_cbaj" NA NA "Euarchontoglires" "Rodents etc."
"168" "Mus_musculus_dba2j" NA NA "Euarchontoglires" "Rodents etc."
"169" "Mus_musculus_fvbnj" NA NA "Euarchontoglires" "Rodents etc."
"170" "Mus_musculus_lpj" NA NA "Euarchontoglires" "Rodents etc."
"171" "Mus_musculus_nodshiltj" NA NA "Euarchontoglires" "Rodents etc."
"172" "Mus_musculus_nzohlltj" NA NA "Euarchontoglires" "Rodents etc."
"173" "Mus_musculus_pwkphj" NA NA "Euarchontoglires" "Rodents etc."
"174" "Mus_musculus_wsbeij" NA NA "Euarchontoglires" "Rodents etc."
"175" "Mus_pahari" "Mus_pahari" "Shrew mouse" "Euarchontoglires" "Rodents etc."
"176" "Mus_spicilegus" "Mus_spicilegus" "Steppe mouse" "Euarchontoglires" "Rodents etc."
"177" "Mus_spretus" "Mus_spretus" "Algerian mouse" "Euarchontoglires" "Rodents etc."
"178" "Mustela_putorius_furo" "Mustela_putorius_furo" "Ferret" "Laurasiatheria" "Laurasiatheria"
"179" "Myotis_lucifugus" "Myotis_lucifugus" "Microbat" "Laurasiatheria" "Laurasiatheria"
"180" "Myripristis_murdjan" "Myripristis_murdjan" "Pinecone soldierfish" "Actinopterygii" "Fish"
"181" "Naja_naja" "Naja_naja" "Indian cobra" "Sauropsida" "Reptiles"
"182" "Nannospalax_galili" "Nannospalax_galili" "Upper Galilee mountains blind mole rat
" "Euarchontoglires" "Rodents etc."
"183" "Neogobius_melanostomus" "Neogobius_melanostomus" "Round goby" "Actinopterygii" "Fish"
"184" "Neolamprologus_brichardi" "Neolamprologus_brichardi" "Lyretail cichlid" "Actinopterygii" "Fish"
"185" "Neovison_vison" "Neovison_vison" "American mink" "Laurasiatheria" "Laurasiatheria"
"186" "Nomascus_leucogenys" "Nomascus_leucogenys" "Gibbon" "Primates" "Primates"
"187" "Notamacropus_eugenii" "Notamacropus_eugenii" "Wallaby" "Mammalia" "Other mammals"
"188" "Notechis_scutatus" "Notechis_scutatus" "Mainland tiger snake" "Sauropsida" "Reptiles"
"189" "Nothobranchius_furzeri" "Nothobranchius_furzeri" "Turquoise killifish" "Actinopterygii" "Fish"
"190" "Nothoprocta_perdicaria" "Nothoprocta_perdicaria" "Chilean tinamou" "Aves" "Birds"
"191" "Numida_meleagris" "Numida_meleagris" "Helmeted guineafowl" "Aves" "Birds"
"192" "Ochotona_princeps" "Ochotona_princeps" "Pika" "Euarchontoglires" "Rodents etc."
"193" "Octodon_degus" "Octodon_degus" "Degu" "Euarchontoglires" "Rodents etc."
"194" "Oncorhynchus_kisutch" "Oncorhynchus_kisutch" "Coho salmon" "Actinopterygii" "Fish"
"195" "Oncorhynchus_mykiss" "Oncorhynchus_mykiss" "Rainbow trout" "Actinopterygii" "Fish"
"196" "Oncorhynchus_tshawytscha" "Oncorhynchus_tshawytscha" "Chinook salmon" "Actinopterygii" "Fish"
"197" "Oreochromis_aureus" "Oreochromis_aureus" "Blue tilapia" "Actinopterygii" "Fish"
"198" "Oreochromis_niloticus" "Oreochromis_niloticus" "Nile tilapia" "Actinopterygii" "Fish"
"199" "Ornithorhynchus_anatinus" "Ornithorhynchus_anatinus" "Platypus" "Mammalia" "Other mammals"
"200" "Oryctolagus_cuniculus" "Oryctolagus_cuniculus" "Rabbit" "Euarchontoglires" "Rodents etc."
"201" "Oryzias_javanicus" "Oryzias_javanicus" "Javanese ricefish" "Actinopterygii" "Fish"
"202" "Oryzias_latipes" "Oryzias_latipes" "Japanese medaka HdrR" "Actinopterygii" "Fish"
"203" "Oryzias_latipes_hni" "Oryzias_latipes_hni" "Japanese medaka HNI" "Actinopterygii" "Fish"
"204" "Oryzias_latipes_hsok" "Oryzias_latipes_hsok" "Japanese medaka HSOK" "Actinopterygii" "Fish"
"205" "Oryzias_melastigma" "Oryzias_melastigma" "Indian medaka" "Actinopterygii" "Fish"
"206" "Oryzias_sinensis" "Oryzias_sinensis" "Chinese medaka" "Actinopterygii" "Fish"
"207" "Otolemur_garnettii" "Otolemur_garnettii" "Bushbaby" "Primates" "Primates"
"208" "Otus_sunia" "Otus_sunia" "Oriental scops-owl" "Aves" "Birds"
"209" "Ovis_aries" "Ovis_aries_rambouillet" "Sheep" "Laurasiatheria" "Laurasiatheria"
"210" "Ovis_aries_rambouillet" "Ovis_aries_rambouillet" "Sheep breeds" "Laurasiatheria" "Laurasiatheria"
"211" "Pan_paniscus" "Pan_paniscus" "Bonobo" "Primates" "Primates"
"212" "Pan_troglodytes" "Pan_troglodytes" "Chimpanzee" "Primates" "Primates"
"213" "Panthera_leo" "Panthera_leo" "Lion" "Laurasiatheria" "Laurasiatheria"
"214" "Panthera_pardus" "Panthera_pardus" "Leopard" "Laurasiatheria" "Laurasiatheria"
"215" "Panthera_tigris_altaica" "Panthera_tigris_altaica" "Tiger" "Laurasiatheria" "Laurasiatheria"
"216" "Papio_anubis" "Papio_anubis" "Olive baboon" "Primates" "Primates"
"217" "Parambassis_ranga" "Parambassis_ranga" "Indian glassy fish" "Actinopterygii" "Fish"
"218" "Paramormyrops_kingsleyae" "Paramormyrops_kingsleyae" "Paramormyrops kingsleyae" "Actinopterygii" "Fish"
"219" "Parus_major" "Parus_major" "Great Tit" "Aves" "Birds"
"220" "Pavo_cristatus" "Pavo_cristatus" "Indian peafowl" "Aves" "Birds"
"221" "Pelodiscus_sinensis" "Pelodiscus_sinensis" "Chinese softshell turtle" "Sauropsida" "Reptiles"
"222" "Pelusios_castaneus" "Pelusios_castaneus" "West African mud turtle" "Sauropsida" "Reptiles"
"223" "Periophthalmus_magnuspinnatus" "Periophthalmus_magnuspinnatus" "Periophthalmus magnuspinnatus
" "Actinopterygii" "Fish"
"224" "Peromyscus_maniculatus_bairdii" "Peromyscus_maniculatus_bairdii" "Northern American deer mouse
" "Euarchontoglires" "Rodents etc."
"225" "Petromyzon_marinus" "Petromyzon_marinus" "Lamprey" "Vertebrata" "Other vertebrates"
"226" "Phascolarctos_cinereus" "Phascolarctos_cinereus" "Koala" "Mammalia" "Other mammals"
"227" "Phasianus_colchicus" "Phasianus_colchicus" "Ring-necked pheasant" "Aves" "Birds"
"228" "Phocoena_sinus" "Phocoena_sinus" "Vaquita" "Laurasiatheria" "Laurasiatheria"
"229" "Physeter_catodon" "Physeter_catodon" "Sperm whale" "Laurasiatheria" "Laurasiatheria"
"230" "Piliocolobus_tephrosceles" "Piliocolobus_tephrosceles" "Ugandan red Colobus" "Primates" "Primates"
"231" "Podarcis_muralis" "Podarcis_muralis" "Common wall lizard" "Sauropsida" "Reptiles"
"232" "Poecilia_formosa" "Poecilia_formosa" "Amazon molly" "Actinopterygii" "Fish"
"233" "Poecilia_latipinna" "Poecilia_latipinna" "Sailfin molly" "Actinopterygii" "Fish"
"234" "Poecilia_mexicana" "Poecilia_mexicana" "Shortfin molly" "Actinopterygii" "Fish"
"235" "Poecilia_reticulata" "Poecilia_reticulata" "Guppy" "Actinopterygii" "Fish"
"236" "Pogona_vitticeps" "Pogona_vitticeps" "Central bearded dragon" "Sauropsida" "Reptiles"
"237" "Pongo_abelii" "Pongo_abelii" "Orangutan" "Primates" "Primates"
"238" "Procavia_capensis" "Procavia_capensis" "Hyrax" "Afrotheria" "Afrotheria"
"239" "Prolemur_simus" "Prolemur_simus" "Greater bamboo lemur" "Primates" "Primates"
"240" "Propithecus_coquereli" "Propithecus_coquereli" "Coquerel's sifaka" "Primates" "Primates"
"241" "Pseudonaja_textilis" "Pseudonaja_textilis" "Eastern brown snake" "Sauropsida" "Reptiles"
"242" "Pteropus_vampyrus" "Pteropus_vampyrus" "Megabat" "Laurasiatheria" "Laurasiatheria"
"243" "Pundamilia_nyererei" "Pundamilia_nyererei" "Makobe Island cichlid" "Actinopterygii" "Fish"
"244" "Pygocentrus_nattereri" "Pygocentrus_nattereri" "Red-bellied piranha" "Actinopterygii" "Fish"
"245" "Rattus_norvegicus" "Rattus_norvegicus" "Rat" "Euarchontoglires" "Rodents etc."
"246" "Rhinolophus_ferrumequinum" "Rhinolophus_ferrumequinum" "Greater horseshoe bat" "Laurasiatheria" "Laurasiatheria"
"247" "Rhinopithecus_bieti" "Rhinopithecus_bieti" "Black snub-nosed monkey" "Primates" "Primates"
"248" "Rhinopithecus_roxellana" "Rhinopithecus_roxellana" "Golden snub-nosed monkey" "Primates" "Primates"
"249" "Saccharomyces_cerevisiae" "Saccharomyces_cerevisiae" "Saccharomyces cerevisiae" "Eukaryota" "Other eukaryotes"
"250" "Saimiri_boliviensis_boliviensis" "Saimiri_boliviensis_boliviensis" "Bolivian squirrel monkey
" "Primates" "Primates"
"251" "Salarias_fasciatus" "Salarias_fasciatus" "Jewelled blenny" "Actinopterygii" "Fish"
"252" "Salmo_salar" "Salmo_salar" "Atlantic salmon" "Actinopterygii" "Fish"
"253" "Salmo_trutta" "Salmo_trutta" "Brown trout" "Actinopterygii" "Fish"
"254" "Salvator_merianae" "Salvator_merianae" "Argentine black and white tegu" "Sauropsida" "Reptiles"
"255" "Sander_lucioperca" "Sander_lucioperca" "Pike-perch" "Actinopterygii" "Fish"
"256" "Sarcophilus_harrisii" "Sarcophilus_harrisii" "Tasmanian devil" "Mammalia" "Other mammals"
"257" "Sciurus_vulgaris" "Sciurus_vulgaris" "Eurasian red squirrel" "Euarchontoglires" "Rodents etc."
"258" "Scleropages_formosus" "Scleropages_formosus" "Asian bonytongue" "Actinopterygii" "Fish"
"259" "Scophthalmus_maximus" "Scophthalmus_maximus" "Turbot" "Actinopterygii" "Fish"
"260" "Serinus_canaria" "Serinus_canaria" "Common canary" "Aves" "Birds"
"261" "Seriola_dumerili" "Seriola_dumerili" "Greater amberjack" "Actinopterygii" "Fish"
"262" "Seriola_lalandi_dorsalis" "Seriola_lalandi_dorsalis" "Yellowtail amberjack" "Actinopterygii" "Fish"
"263" "Sinocyclocheilus_anshuiensis" "Sinocyclocheilus_anshuiensis" "Blind barbel" "Actinopterygii" "Fish"
"264" "Sinocyclocheilus_grahami" "Sinocyclocheilus_grahami" "Golden-line barbel" "Actinopterygii" "Fish"
"265" "Sinocyclocheilus_rhinocerous" "Sinocyclocheilus_rhinocerous" "Horned golden-line barbel
" "Actinopterygii" "Fish"
"266" "Sorex_araneus" "Sorex_araneus" "Shrew" "Laurasiatheria" "Laurasiatheria"
"267" "Sparus_aurata" "Sparus_aurata" "Gilthead seabream" "Actinopterygii" "Fish"
"268" "Spermophilus_dauricus" "Spermophilus_dauricus" "Daurian ground squirrel" "Euarchontoglires" "Rodents etc."
"269" "Sphaeramia_orbicularis" "Sphaeramia_orbicularis" "Orbiculate cardinalfish" "Actinopterygii" "Fish"
"270" "Sphenodon_punctatus" "Sphenodon_punctatus" "Tuatara" "Sauropsida" "Reptiles"
"271" "Stachyris_ruficeps" "Stachyris_ruficeps" "Rufous-capped babbler" "Aves" "Birds"
"272" "Stegastes_partitus" "Stegastes_partitus" "Bicolor damselfish" "Actinopterygii" "Fish"
"273" "Strigops_habroptila" "Strigops_habroptila" "Kakapo" "Aves" "Birds"
"274" "Strix_occidentalis_caurina" "Strix_occidentalis_caurina" "Northern spotted owl" "Aves" "Birds"
"275" "Struthio_camelus_australis" "Struthio_camelus_australis" "African ostrich" "Aves" "Birds"
"276" "Suricata_suricatta" "Suricata_suricatta" "Meerkat" "Laurasiatheria" "Laurasiatheria"
"277" "Sus_scrofa" "Sus_scrofa" "Pig" "Laurasiatheria" "Laurasiatheria"
"278" "Sus_scrofa_bamei" "Sus_scrofa" "Pig breeds" "Laurasiatheria" "Laurasiatheria"
"279" "Sus_scrofa_berkshire" "Berkshire pig" "Pig breeds" "Laurasiatheria" "Laurasiatheria"
"280" "Sus_scrofa_hampshire" "Hampshire pig" "Pig breeds" "Laurasiatheria" "Laurasiatheria"
"281" "Sus_scrofa_jinhua" "Jinhua pig" "Pig breeds" "Laurasiatheria" "Laurasiatheria"
"282" "Sus_scrofa_landrace" "Landrace pig" "Pig breeds" "Laurasiatheria" "Laurasiatheria"
"283" "Sus_scrofa_largewhite" "Large White pig" "Pig breeds" "Laurasiatheria" "Laurasiatheria"
"284" "Sus_scrofa_meishan" "meishan" "Pig breeds" "Laurasiatheria" "Laurasiatheria"
"285" "Sus_scrofa_pietrain" "pietrain" "Pig breeds" "Laurasiatheria" "Laurasiatheria"
"286" "Sus_scrofa_rongchang" "rongchang" "Pig breeds" "Laurasiatheria" "Laurasiatheria"
"287" "Sus_scrofa_tibetan" "Tibetan?pig" "Pig breeds" "Laurasiatheria" "Laurasiatheria"
"288" "Sus_scrofa_usmarc" "Pig USMARC" "Pig breeds" "Laurasiatheria" "Laurasiatheria"
"289" "Sus_scrofa_wuzhishan" "Wuzhishan pig" "Pig breeds" "Laurasiatheria" "Laurasiatheria"
"290" "Taeniopygia_guttata" "Taeniopygia_guttata" "Zebra finch" "Aves" "Birds"
"291" "Takifugu_rubripes" "Takifugu_rubripes" "Fugu" "Actinopterygii" "Fish"
"292" "Terrapene_carolina_triunguis" "Terrapene_carolina_triunguis" "Three-toed box turtle" "Sauropsida" "Reptiles"
"293" "Tetraodon_nigroviridis" "Tetraodon_nigroviridis" "Tetraodon" "Actinopterygii" "Fish"
"294" "Theropithecus_gelada" "Theropithecus_gelada" "Gelada" "Primates" "Primates"
"295" "Tupaia_belangeri" "Tupaia_belangeri" "Tree Shrew" "Euarchontoglires" "Rodents etc."
"296" "Tursiops_truncatus" "Tursiops_truncatus" "Dolphin" "Laurasiatheria" "Laurasiatheria"
"297" "Urocitellus_parryii" "Urocitellus_parryii" "Arctic ground squirrel" "Euarchontoglires" "Rodents etc."
"298" "Ursus_americanus" "Ursus_americanus" "American black bear" "Laurasiatheria" "Laurasiatheria"
"299" "Ursus_maritimus" "Ursus_maritimus" "Polar bear" "Laurasiatheria" "Laurasiatheria"
"300" "Ursus_thibetanus_thibetanus" "Ursus_thibetanus_thibetanus" "Asiatic black bear" "Laurasiatheria" "Laurasiatheria"
"301" "Varanus_komodoensis" "Varanus_komodoensis" "Komodo dragon" "Sauropsida" "Reptiles"
"302" "Vicugna_pacos" "Vicugna_pacos" "Alpaca" "Laurasiatheria" "Laurasiatheria"
"303" "Vombatus_ursinus" "Vombatus_ursinus" "Common wombat" "Mammalia" "Other mammals"
"304" "Vulpes_vulpes" "Vulpes_vulpes" "Red fox" "Laurasiatheria" "Laurasiatheria"
"305" "Xenopus_tropicalis" "Xenopus_tropicalis" "Tropical clawed frog" "Amphibia" "Amphibians"
"306" "Xiphophorus_couchianus" "Xiphophorus_couchianus" "Monterrey platyfish" "Actinopterygii" "Fish"
"307" "Xiphophorus_maculatus" "Xiphophorus_maculatus" "Platyfish" "Actinopterygii" "Fish"
"308" "Zalophus_californianus" "Zalophus_californianus" "California sea lion" "Laurasiatheria" "Laurasiatheria"
"309" "Zonotrichia_albicollis" "Zonotrichia_albicollis" "White-throated sparrow" "Aves" "Birds"
"310" "Zosterops_lateralis_melanops" "Zosterops_lateralis_melanops" "Silver-eye" "Aves" "Birds"
